site,honest,paper1
CALTECH,0.4691358024691358,0.7237654320987654
CMU,0.47527472527472525,0.5576923076923077
KKI,0.5841346153846154,0.703125
LEUVEN_1,0.5688775510204082,0.7168367346938775
LEUVEN_2,0.6245614035087719,0.6859649122807018
MAX_MUN,0.5463286713286714,0.6555944055944056
